{
  "hash": "71a5486e",
  "configHash": "705aa7bf",
  "lockfileHash": "d94b4c1c",
  "browserHash": "9bcf4eef",
  "optimized": {
    "@angular/common/http": {
      "src": "../../../../../node_modules/@angular/common/fesm2022/http.mjs",
      "file": "@angular_common_http.js",
      "fileHash": "cd161922",
      "needsInterop": false
    },
    "@angular/core": {
      "src": "../../../../../node_modules/@angular/core/fesm2022/core.mjs",
      "file": "@angular_core.js",
      "fileHash": "1a6f69bb",
      "needsInterop": false
    },
    "@angular/forms": {
      "src": "../../../../../node_modules/@angular/forms/fesm2022/forms.mjs",
      "file": "@angular_forms.js",
      "fileHash": "6a7a0cc8",
      "needsInterop": false
    },
    "@angular/platform-browser": {
      "src": "../../../../../node_modules/@angular/platform-browser/fesm2022/platform-browser.mjs",
      "file": "@angular_platform-browser.js",
      "fileHash": "075ddc61",
      "needsInterop": false
    },
    "@angular/router": {
      "src": "../../../../../node_modules/@angular/router/fesm2022/router.mjs",
      "file": "@angular_router.js",
      "fileHash": "9c1650c9",
      "needsInterop": false
    }
  },
  "chunks": {
    "chunk-5DFDGFHH": {
      "file": "chunk-5DFDGFHH.js"
    },
    "chunk-IJQDSMXO": {
      "file": "chunk-IJQDSMXO.js"
    },
    "chunk-UB5PCQIQ": {
      "file": "chunk-UB5PCQIQ.js"
    },
    "chunk-XVI4SKV2": {
      "file": "chunk-XVI4SKV2.js"
    }
  }
}